<?xml version="1.0" encoding="UTF-8"?>
<!DOCTYPE mapper PUBLIC " -//mybatis.org//DTD Mapper 3.0//EN"
	"http://mybatis.org/dtd/mybatis-3-mapper.dtd">
<!--com.javalec.practice.BDao 패키지에 있는 interface IDao 를 연결해준다 (mapper) -->
<mapper
	namespace="com.mycompany.mypudingapp.admin.Mapper.AdminMapper">

	<select id="adm_list"
		resultType="com.mycompany.mypudingapp.admin.vo.admin_boardVO" parameterType="com.mycompany.mypudingapp.domain.PagingVO">
		<![CDATA[
		select p1.* from
			(select  admin_seq, 
					admin_title, 
					admin_content, 
					admin_writer, 
					admin_regdate, 
					admin_viewcnt
			from
			    admin_tbl_board
			where admin_seq > 0
			order by admin_seq desc, admin_regdate desc) p1
			LIMIT 10 OFFSET #{startList}
		]]>
	</select>
<!-- 
	<select id="selectList" resultType="com.mycompany.mypudingapp.admin.vo.admin_boardVO">
		SELECT * 
		FROM (
			SELECT ROWNUM RN, A.* 
				FROM (
						SELECT * 
						FROM admin_tbl_board
						ORDER BY SEQ DESC 
						) A
				)
	WHERE RN BETWEEN #{start} AND #{end}
	</select>
 -->
	<select id="listCount" resultType="int">
		SELECT COUNT(*) FROM admin_tbl_board
	</select>
	
	<select id="adm_viewDetail" resultType="com.mycompany.mypudingapp.admin.vo.admin_boardVO">
		select admin_seq, admin_title, admin_content, admin_writer, admin_regdate, admin_viewcnt from admin_tbl_board where admin_seq = #{admin_seq}
	</select>
		
	<insert id="adm_insert">
		<![CDATA[
		insert into admin_tbl_board(admin_title, admin_writer, admin_content, admin_regdate, admin_viewcnt, admin_email, admin_phonenum)
		values(#{admin_title}, #{admin_writer}, #{admin_content},'20210701', 0, 0, 0);
	]]>
	</insert>
	
	<update id="adm_doupdate">
		update admin_tbl_board
		set 
			admin_title = #{admin_title},
			admin_writer = #{admin_writer},
			admin_content = #{admin_content}
		where admin_seq = #{admin_seq}
	</update>
	
	<delete id="adm_delete" parameterType="int">
		delete
			from admin_tbl_board
			where admin_seq = #{admin_seq}
	</delete>

	<select id="adm_login" resultType="com.mycompany.mypudingapp.admin.vo.AdminDVO">
		select * from puding_admin_table
		
	</select>

</mapper>